jFqNaH1FoEM,N6ei3xMoD4k,X
jFqNaH1FoEM,C0dk7_60eHU,X
jFqNaH1FoEM,BSXV1crkcKc,X
jFqNaH1FoEM,_a1AgqemdVE,X
jFqNaH1FoEM,SwQdLGQf4QM,X
jFqNaH1FoEM,FO8BsF6mXaw,X
jFqNaH1FoEM,_tlnYH1gyuA,X
jFqNaH1FoEM,2oGJrufm_4w,X
jFqNaH1FoEM,qNmzeI9lk_4,X
jFqNaH1FoEM,Z_-hWZetOS0,X
jFqNaH1FoEM,Ohq4fbIkPiA,X
jFqNaH1FoEM,ZhtGl9JmxR4,X
jFqNaH1FoEM,ZAsBiDXRQdM,X
jFqNaH1FoEM,_DUSWE8qbgA,X
jFqNaH1FoEM,t3LtPjj3C84,X
jFqNaH1FoEM,vNC-T_y0RVU,X
jFqNaH1FoEM,73tAER-jzm8,X
jFqNaH1FoEM,p3vJq7HNoJI,X
jFqNaH1FoEM,xVyhTmihBtg,X
N6ei3xMoD4k,C0dk7_60eHU,X
N6ei3xMoD4k,BSXV1crkcKc,X
N6ei3xMoD4k,_a1AgqemdVE,X
N6ei3xMoD4k,SwQdLGQf4QM,X
N6ei3xMoD4k,FO8BsF6mXaw,X
N6ei3xMoD4k,_tlnYH1gyuA,X
N6ei3xMoD4k,2oGJrufm_4w,X
N6ei3xMoD4k,qNmzeI9lk_4,X
N6ei3xMoD4k,Z_-hWZetOS0,X
N6ei3xMoD4k,Ohq4fbIkPiA,X
N6ei3xMoD4k,ZhtGl9JmxR4,X
N6ei3xMoD4k,ZAsBiDXRQdM,X
N6ei3xMoD4k,_DUSWE8qbgA,X
N6ei3xMoD4k,t3LtPjj3C84,X
N6ei3xMoD4k,vNC-T_y0RVU,X
N6ei3xMoD4k,73tAER-jzm8,X
N6ei3xMoD4k,p3vJq7HNoJI,X
N6ei3xMoD4k,xVyhTmihBtg,X
C0dk7_60eHU,BSXV1crkcKc,X
C0dk7_60eHU,_a1AgqemdVE,X
C0dk7_60eHU,SwQdLGQf4QM,X
C0dk7_60eHU,FO8BsF6mXaw,X
C0dk7_60eHU,_tlnYH1gyuA,X
C0dk7_60eHU,2oGJrufm_4w,X
C0dk7_60eHU,qNmzeI9lk_4,X
C0dk7_60eHU,Z_-hWZetOS0,X
C0dk7_60eHU,Ohq4fbIkPiA,X
C0dk7_60eHU,ZhtGl9JmxR4,X
C0dk7_60eHU,ZAsBiDXRQdM,X
C0dk7_60eHU,_DUSWE8qbgA,X
C0dk7_60eHU,t3LtPjj3C84,X
C0dk7_60eHU,vNC-T_y0RVU,X
C0dk7_60eHU,73tAER-jzm8,X
C0dk7_60eHU,p3vJq7HNoJI,X
C0dk7_60eHU,xVyhTmihBtg,X
BSXV1crkcKc,_a1AgqemdVE,X
BSXV1crkcKc,SwQdLGQf4QM,X
BSXV1crkcKc,FO8BsF6mXaw,X
BSXV1crkcKc,_tlnYH1gyuA,X
BSXV1crkcKc,2oGJrufm_4w,X
BSXV1crkcKc,qNmzeI9lk_4,X
BSXV1crkcKc,Z_-hWZetOS0,X
BSXV1crkcKc,Ohq4fbIkPiA,X
BSXV1crkcKc,ZhtGl9JmxR4,X
BSXV1crkcKc,ZAsBiDXRQdM,X
BSXV1crkcKc,_DUSWE8qbgA,X
BSXV1crkcKc,t3LtPjj3C84,X
BSXV1crkcKc,vNC-T_y0RVU,X
BSXV1crkcKc,73tAER-jzm8,X
BSXV1crkcKc,p3vJq7HNoJI,X
BSXV1crkcKc,xVyhTmihBtg,X
_a1AgqemdVE,SwQdLGQf4QM,X
_a1AgqemdVE,FO8BsF6mXaw,X
_a1AgqemdVE,_tlnYH1gyuA,X
_a1AgqemdVE,2oGJrufm_4w,X
_a1AgqemdVE,qNmzeI9lk_4,X
_a1AgqemdVE,Z_-hWZetOS0,X
_a1AgqemdVE,Ohq4fbIkPiA,X
_a1AgqemdVE,ZhtGl9JmxR4,X
_a1AgqemdVE,ZAsBiDXRQdM,X
_a1AgqemdVE,_DUSWE8qbgA,X
_a1AgqemdVE,t3LtPjj3C84,X
_a1AgqemdVE,vNC-T_y0RVU,X
_a1AgqemdVE,73tAER-jzm8,X
_a1AgqemdVE,p3vJq7HNoJI,X
_a1AgqemdVE,xVyhTmihBtg,X
SwQdLGQf4QM,FO8BsF6mXaw,X
SwQdLGQf4QM,_tlnYH1gyuA,X
SwQdLGQf4QM,2oGJrufm_4w,X
SwQdLGQf4QM,qNmzeI9lk_4,X
SwQdLGQf4QM,Z_-hWZetOS0,X
SwQdLGQf4QM,Ohq4fbIkPiA,X
SwQdLGQf4QM,ZhtGl9JmxR4,X
SwQdLGQf4QM,ZAsBiDXRQdM,X
SwQdLGQf4QM,_DUSWE8qbgA,X
SwQdLGQf4QM,t3LtPjj3C84,X
SwQdLGQf4QM,vNC-T_y0RVU,X
SwQdLGQf4QM,73tAER-jzm8,X
SwQdLGQf4QM,p3vJq7HNoJI,X
SwQdLGQf4QM,xVyhTmihBtg,X
FO8BsF6mXaw,_tlnYH1gyuA,X
FO8BsF6mXaw,2oGJrufm_4w,X
FO8BsF6mXaw,qNmzeI9lk_4,X
FO8BsF6mXaw,Z_-hWZetOS0,X
FO8BsF6mXaw,Ohq4fbIkPiA,X
FO8BsF6mXaw,ZhtGl9JmxR4,X
FO8BsF6mXaw,ZAsBiDXRQdM,X
FO8BsF6mXaw,_DUSWE8qbgA,X
FO8BsF6mXaw,t3LtPjj3C84,X
FO8BsF6mXaw,vNC-T_y0RVU,X
FO8BsF6mXaw,73tAER-jzm8,X
FO8BsF6mXaw,p3vJq7HNoJI,X
FO8BsF6mXaw,xVyhTmihBtg,X
_tlnYH1gyuA,2oGJrufm_4w,X
_tlnYH1gyuA,qNmzeI9lk_4,X
_tlnYH1gyuA,Z_-hWZetOS0,X
_tlnYH1gyuA,Ohq4fbIkPiA,X
_tlnYH1gyuA,ZhtGl9JmxR4,X
_tlnYH1gyuA,ZAsBiDXRQdM,X
_tlnYH1gyuA,_DUSWE8qbgA,X
_tlnYH1gyuA,t3LtPjj3C84,X
_tlnYH1gyuA,vNC-T_y0RVU,X
_tlnYH1gyuA,73tAER-jzm8,X
_tlnYH1gyuA,p3vJq7HNoJI,X
_tlnYH1gyuA,xVyhTmihBtg,X
2oGJrufm_4w,qNmzeI9lk_4,X
2oGJrufm_4w,Z_-hWZetOS0,X
2oGJrufm_4w,Ohq4fbIkPiA,X
2oGJrufm_4w,ZhtGl9JmxR4,X
2oGJrufm_4w,ZAsBiDXRQdM,X
2oGJrufm_4w,_DUSWE8qbgA,X
2oGJrufm_4w,t3LtPjj3C84,X
2oGJrufm_4w,vNC-T_y0RVU,X
2oGJrufm_4w,73tAER-jzm8,X
2oGJrufm_4w,p3vJq7HNoJI,X
2oGJrufm_4w,xVyhTmihBtg,X
qNmzeI9lk_4,Z_-hWZetOS0,X
qNmzeI9lk_4,Ohq4fbIkPiA,X
qNmzeI9lk_4,ZhtGl9JmxR4,X
qNmzeI9lk_4,ZAsBiDXRQdM,X
qNmzeI9lk_4,_DUSWE8qbgA,X
qNmzeI9lk_4,t3LtPjj3C84,X
qNmzeI9lk_4,vNC-T_y0RVU,X
qNmzeI9lk_4,73tAER-jzm8,X
qNmzeI9lk_4,p3vJq7HNoJI,X
qNmzeI9lk_4,xVyhTmihBtg,X
Z_-hWZetOS0,Ohq4fbIkPiA,X
Z_-hWZetOS0,ZhtGl9JmxR4,X
Z_-hWZetOS0,ZAsBiDXRQdM,X
Z_-hWZetOS0,_DUSWE8qbgA,X
Z_-hWZetOS0,t3LtPjj3C84,X
Z_-hWZetOS0,vNC-T_y0RVU,X
Z_-hWZetOS0,73tAER-jzm8,X
Z_-hWZetOS0,p3vJq7HNoJI,X
Z_-hWZetOS0,xVyhTmihBtg,X
Ohq4fbIkPiA,ZhtGl9JmxR4,X
Ohq4fbIkPiA,ZAsBiDXRQdM,X
Ohq4fbIkPiA,_DUSWE8qbgA,X
Ohq4fbIkPiA,t3LtPjj3C84,X
Ohq4fbIkPiA,vNC-T_y0RVU,X
Ohq4fbIkPiA,73tAER-jzm8,X
Ohq4fbIkPiA,p3vJq7HNoJI,X
Ohq4fbIkPiA,xVyhTmihBtg,X
ZhtGl9JmxR4,ZAsBiDXRQdM,X
ZhtGl9JmxR4,_DUSWE8qbgA,X
ZhtGl9JmxR4,t3LtPjj3C84,X
ZhtGl9JmxR4,vNC-T_y0RVU,X
ZhtGl9JmxR4,73tAER-jzm8,X
ZhtGl9JmxR4,p3vJq7HNoJI,X
ZhtGl9JmxR4,xVyhTmihBtg,X
ZAsBiDXRQdM,_DUSWE8qbgA,X
ZAsBiDXRQdM,t3LtPjj3C84,X
ZAsBiDXRQdM,vNC-T_y0RVU,X
ZAsBiDXRQdM,73tAER-jzm8,X
ZAsBiDXRQdM,p3vJq7HNoJI,X
ZAsBiDXRQdM,xVyhTmihBtg,X
_DUSWE8qbgA,t3LtPjj3C84,X
_DUSWE8qbgA,vNC-T_y0RVU,X
_DUSWE8qbgA,73tAER-jzm8,X
_DUSWE8qbgA,p3vJq7HNoJI,X
_DUSWE8qbgA,xVyhTmihBtg,X
t3LtPjj3C84,vNC-T_y0RVU,X
t3LtPjj3C84,73tAER-jzm8,X
t3LtPjj3C84,p3vJq7HNoJI,X
t3LtPjj3C84,xVyhTmihBtg,X
vNC-T_y0RVU,73tAER-jzm8,X
vNC-T_y0RVU,p3vJq7HNoJI,X
vNC-T_y0RVU,xVyhTmihBtg,X
73tAER-jzm8,p3vJq7HNoJI,X
73tAER-jzm8,xVyhTmihBtg,X
p3vJq7HNoJI,xVyhTmihBtg,X
